taxonId,taxonName,people,scholiaURL
http://www.wikidata.org/entity/Q5263660,Ablemma,Anton Potapov,https://scholia.toolforge.org/organization/Q112326635/topic/Q5263660
http://www.wikidata.org/entity/Q1777801,Acacia koa,Dylan J. Craven,https://scholia.toolforge.org/organization/Q112326635/topic/Q1777801
http://www.wikidata.org/entity/Q2701053,Acacia longifolia,Alexandra J. R. Carthey | Steven L. Chown,https://scholia.toolforge.org/organization/Q112326635/topic/Q2701053
http://www.wikidata.org/entity/Q156944,Acer pseudoplatanus,Vigdis Vandvik,https://scholia.toolforge.org/organization/Q112326635/topic/Q156944
http://www.wikidata.org/entity/Q4548002,Acerentomon,Anton Potapov,https://scholia.toolforge.org/organization/Q112326635/topic/Q4548002
http://www.wikidata.org/entity/Q7618284,Acrididae,Steven L. Chown,https://scholia.toolforge.org/organization/Q112326635/topic/Q7618284
http://www.wikidata.org/entity/Q116667,Acridotheres tristis,Ignasi Bartomeus,https://scholia.toolforge.org/organization/Q112326635/topic/Q116667
http://www.wikidata.org/entity/Q147256,Actiniaria,Nuno Simões,https://scholia.toolforge.org/organization/Q112326635/topic/Q147256
http://www.wikidata.org/entity/Q343300,Actinidia deliciosa,Ignasi Bartomeus,https://scholia.toolforge.org/organization/Q112326635/topic/Q343300
http://www.wikidata.org/entity/Q310911,Aedes,Sadie J. Ryan,https://scholia.toolforge.org/organization/Q112326635/topic/Q310911
http://www.wikidata.org/entity/Q1148004,Aedes aegypti,Michael Ray Kearney | Sadie J. Ryan,https://scholia.toolforge.org/organization/Q112326635/topic/Q1148004
http://www.wikidata.org/entity/Q2717846,Albizia lebbeck,Sharif Ahmed Mukul,https://scholia.toolforge.org/organization/Q112326635/topic/Q2717846
http://www.wikidata.org/entity/Q1070483,Alouatta palliata,Sadie J. Ryan,https://scholia.toolforge.org/organization/Q112326635/topic/Q1070483
http://www.wikidata.org/entity/Q1948607,Amblyomma americanum,Marko J. Spasojevic,https://scholia.toolforge.org/organization/Q112326635/topic/Q1948607
http://www.wikidata.org/entity/Q10908,Amphibia,Diogo Borges Provete,https://scholia.toolforge.org/organization/Q112326635/topic/Q10908
http://www.wikidata.org/entity/Q2112248,Andropogon gayanus,Vanessa M. Adams,https://scholia.toolforge.org/organization/Q112326635/topic/Q2112248
http://www.wikidata.org/entity/Q25314,Angiospermae,Hervé Sauquet | Ian J. Wright | Jens Kattge | Maribeth Latvis | Mark Westoby | William D. Pearse | Roberto Salguero-Gómez,https://scholia.toolforge.org/organization/Q112326635/topic/Q25314
http://www.wikidata.org/entity/Q1709343,Annona muricata,Hervé Sauquet,https://scholia.toolforge.org/organization/Q112326635/topic/Q1709343
http://www.wikidata.org/entity/Q13853909,Anopheles arabiensis,Steven L. Chown,https://scholia.toolforge.org/organization/Q112326635/topic/Q13853909
http://www.wikidata.org/entity/Q13853899,Anopheles funestus,Steven L. Chown,https://scholia.toolforge.org/organization/Q112326635/topic/Q13853899
http://www.wikidata.org/entity/Q28524,Anthozoa,Nuno Simões,https://scholia.toolforge.org/organization/Q112326635/topic/Q28524
http://www.wikidata.org/entity/Q311521,Antigonon leptopus,Jacintha Ellers,https://scholia.toolforge.org/organization/Q112326635/topic/Q311521
http://www.wikidata.org/entity/Q4514043,Antromysis cenotensis,Nuno Simões,https://scholia.toolforge.org/organization/Q112326635/topic/Q4514043
http://www.wikidata.org/entity/Q53636,Anura,Renee A. Catullo | Steven L. Chown,https://scholia.toolforge.org/organization/Q112326635/topic/Q53636
http://www.wikidata.org/entity/Q30034,Apis mellifera,Alexander Keller | Ignasi Bartomeus | Markus Ankenbrand | Samuel C. Andrew,https://scholia.toolforge.org/organization/Q112326635/topic/Q30034
http://www.wikidata.org/entity/Q161829,Aptenodytes forsteri,Steven L. Chown,https://scholia.toolforge.org/organization/Q112326635/topic/Q161829
http://www.wikidata.org/entity/Q158695,Arabidopsis thaliana,Alexander Keller | Brian J. Enquist | Cyrille Violle,https://scholia.toolforge.org/organization/Q112326635/topic/Q158695
http://www.wikidata.org/entity/Q1358,Arachnida,Steven L. Chown | Stefano Mammola,https://scholia.toolforge.org/organization/Q112326635/topic/Q1358
http://www.wikidata.org/entity/Q1357,Araneae,Stefano Mammola,https://scholia.toolforge.org/organization/Q112326635/topic/Q1357
http://www.wikidata.org/entity/Q157214,Araucaria,Daniel Mietchen,https://scholia.toolforge.org/organization/Q112326635/topic/Q157214
http://www.wikidata.org/entity/Q119699,Argynnis adippe,David B. Roy,https://scholia.toolforge.org/organization/Q112326635/topic/Q119699
http://www.wikidata.org/entity/Q207848,Arnica montana,Vigdis Vandvik,https://scholia.toolforge.org/organization/Q112326635/topic/Q207848
http://www.wikidata.org/entity/Q1360,Arthropoda,Caterina Penone | Jennifer C. Girón | Nuno Simões,https://scholia.toolforge.org/organization/Q112326635/topic/Q1360
http://www.wikidata.org/entity/Q25400,Asteraceae,Brian J. Enquist | Jonas J. Lembrechts,https://scholia.toolforge.org/organization/Q112326635/topic/Q25400
http://www.wikidata.org/entity/Q19720723,Atocetus,Daniel Mietchen,https://scholia.toolforge.org/organization/Q112326635/topic/Q19720723
http://www.wikidata.org/entity/Q99219105,Austropuccinia psidii,Ian J. Wright,https://scholia.toolforge.org/organization/Q112326635/topic/Q99219105
http://www.wikidata.org/entity/Q5113,Aves,Brian S. Maitner | Joseph A Tobias,https://scholia.toolforge.org/organization/Q112326635/topic/Q5113
http://www.wikidata.org/entity/Q4832845,Azorella selago,Steven L. Chown,https://scholia.toolforge.org/organization/Q112326635/topic/Q4832845
http://www.wikidata.org/entity/Q614156,Bacillus anthracis,Sadie J. Ryan,https://scholia.toolforge.org/organization/Q112326635/topic/Q614156
http://www.wikidata.org/entity/Q2207329,Bactrocera oleae,Alexander Keller,https://scholia.toolforge.org/organization/Q112326635/topic/Q2207329
http://www.wikidata.org/entity/Q4840066,Bactrocera tryoni,Renee A. Catullo,https://scholia.toolforge.org/organization/Q112326635/topic/Q4840066
http://www.wikidata.org/entity/Q4119899,Belemnitella,Daniel Mietchen,https://scholia.toolforge.org/organization/Q112326635/topic/Q4119899
http://www.wikidata.org/entity/Q4164940,Betta,Paula M. Mabee,https://scholia.toolforge.org/organization/Q112326635/topic/Q4164940
http://www.wikidata.org/entity/Q549,Betta splendens,Paula M. Mabee,https://scholia.toolforge.org/organization/Q112326635/topic/Q549
http://www.wikidata.org/entity/Q2382443,Biota,Michael Ray Kearney | Ralf B. Schäfer | Steven L. Chown,https://scholia.toolforge.org/organization/Q112326635/topic/Q2382443
http://www.wikidata.org/entity/Q82728,Bison bison,Sadie J. Ryan,https://scholia.toolforge.org/organization/Q112326635/topic/Q82728
http://www.wikidata.org/entity/Q1906239,Blaesodactylus,Ian G. Brennan,https://scholia.toolforge.org/organization/Q112326635/topic/Q1906239
http://www.wikidata.org/entity/Q2705683,Bokermannohyla ahenea,Diogo Borges Provete,https://scholia.toolforge.org/organization/Q112326635/topic/Q2705683
http://www.wikidata.org/entity/Q3758291,Bollmannia boqueronensis,Nuno Simões,https://scholia.toolforge.org/organization/Q112326635/topic/Q3758291
http://www.wikidata.org/entity/Q752274,Bombus terrestris,Ignasi Bartomeus,https://scholia.toolforge.org/organization/Q112326635/topic/Q752274
http://www.wikidata.org/entity/Q2723634,Borrelia burgdorferi,Xiao Feng,https://scholia.toolforge.org/organization/Q112326635/topic/Q2723634
http://www.wikidata.org/entity/Q1188694,Brachypodium sylvaticum,Aud H. Halbritter,https://scholia.toolforge.org/organization/Q112326635/topic/Q1188694
http://www.wikidata.org/entity/Q896734,Braconidae,Katja Seltmann,https://scholia.toolforge.org/organization/Q112326635/topic/Q896734
http://www.wikidata.org/entity/Q146212,Brassica oleracea,Jacintha Ellers,https://scholia.toolforge.org/organization/Q112326635/topic/Q146212
http://www.wikidata.org/entity/Q25117580,Brassica rapa var. chinensis,Ignasi Bartomeus,https://scholia.toolforge.org/organization/Q112326635/topic/Q25117580
http://www.wikidata.org/entity/Q156888,Brassicaceae,Steven L. Chown,https://scholia.toolforge.org/organization/Q112326635/topic/Q156888
http://www.wikidata.org/entity/Q164698,Bursera simaruba,Brian J. Enquist,https://scholia.toolforge.org/organization/Q112326635/topic/Q164698
http://www.wikidata.org/entity/Q26615,Calluna vulgaris,Vigdis Vandvik,https://scholia.toolforge.org/organization/Q112326635/topic/Q26615
http://www.wikidata.org/entity/Q27046,Carabidae,William D. Pearse,https://scholia.toolforge.org/organization/Q112326635/topic/Q27046
http://www.wikidata.org/entity/Q163873,Carcharocles megalodon,Meghan Balk,https://scholia.toolforge.org/organization/Q112326635/topic/Q163873
http://www.wikidata.org/entity/Q25306,Carnivora,Dalia A. Conde,https://scholia.toolforge.org/organization/Q112326635/topic/Q25306
http://www.wikidata.org/entity/Q142697,Carpiodes cyprinus,Paula M. Mabee,https://scholia.toolforge.org/organization/Q112326635/topic/Q142697
http://www.wikidata.org/entity/Q2942992,Catostomus commersonii,Paula M. Mabee,https://scholia.toolforge.org/organization/Q112326635/topic/Q2942992
http://www.wikidata.org/entity/Q250269,Ceratitis capitata,Steven L. Chown,https://scholia.toolforge.org/organization/Q112326635/topic/Q250269
http://www.wikidata.org/entity/Q245695,Ceriantharia,Nuno Simões,https://scholia.toolforge.org/organization/Q112326635/topic/Q245695
http://www.wikidata.org/entity/Q15794049,Chikungunya virus,Sadie J. Ryan | Sandra M Durán,https://scholia.toolforge.org/organization/Q112326635/topic/Q15794049
http://www.wikidata.org/entity/Q43447,Chilopoda,Daniel Mietchen,https://scholia.toolforge.org/organization/Q112326635/topic/Q43447
http://www.wikidata.org/entity/Q303019,Chionis minor,Steven L. Chown,https://scholia.toolforge.org/organization/Q112326635/topic/Q303019
http://www.wikidata.org/entity/Q5114539,Chrysanthemoides monilifera,Rachael V. Gallagher,https://scholia.toolforge.org/organization/Q112326635/topic/Q5114539
http://www.wikidata.org/entity/Q25441,Cnidaria,Nuno Simões,https://scholia.toolforge.org/organization/Q112326635/topic/Q25441
http://www.wikidata.org/entity/Q1260859,Cnipodectes superrufus,Joseph A Tobias,https://scholia.toolforge.org/organization/Q112326635/topic/Q1260859
http://www.wikidata.org/entity/Q2982442,Coleodactylus meridionalis,Diogo Borges Provete,https://scholia.toolforge.org/organization/Q112326635/topic/Q2982442
http://www.wikidata.org/entity/Q22671,Coleoptera,Carlos Alberto Martínez-Muñoz | Heloise Gibb | Jennifer C. Girón | Steven L. Chown | Wilco C.E.P. Verberk,https://scholia.toolforge.org/organization/Q112326635/topic/Q22671
http://www.wikidata.org/entity/Q1729340,Condylactis gigantea,Nuno Simões,https://scholia.toolforge.org/organization/Q112326635/topic/Q1729340
http://www.wikidata.org/entity/Q1499582,Corallimorpharia,Nuno Simões,https://scholia.toolforge.org/organization/Q112326635/topic/Q1499582
http://www.wikidata.org/entity/Q1883674,Crambe crambe,Sandra M Durán,https://scholia.toolforge.org/organization/Q112326635/topic/Q1883674
http://www.wikidata.org/entity/Q468415,Crassostrea virginica,Anne Thessen,https://scholia.toolforge.org/organization/Q112326635/topic/Q468415
http://www.wikidata.org/entity/Q2237667,Crossodactylus caramaschii,Diogo Borges Provete,https://scholia.toolforge.org/organization/Q112326635/topic/Q2237667
http://www.wikidata.org/entity/Q1707304,Cryptopygus antarcticus,Steven L. Chown,https://scholia.toolforge.org/organization/Q112326635/topic/Q1707304
http://www.wikidata.org/entity/Q7415384,Curculionidae,Jennifer C. Girón | Steven L. Chown,https://scholia.toolforge.org/organization/Q112326635/topic/Q7415384
http://www.wikidata.org/entity/Q2294077,Cymodocea nodosa,Stefania L. Klayn,https://scholia.toolforge.org/organization/Q112326635/topic/Q2294077
http://www.wikidata.org/entity/Q161735,Dactylis glomerata,Cyrille Violle,https://scholia.toolforge.org/organization/Q112326635/topic/Q161735
http://www.wikidata.org/entity/Q1982643,Damon annulatipes,Steven L. Chown,https://scholia.toolforge.org/organization/Q112326635/topic/Q1982643
http://www.wikidata.org/entity/Q169444,Danio rerio,Melissa Haendel | Paula M. Mabee,https://scholia.toolforge.org/organization/Q112326635/topic/Q169444
http://www.wikidata.org/entity/Q672531,Daphnia magna,Wilco C.E.P. Verberk,https://scholia.toolforge.org/organization/Q112326635/topic/Q672531
http://www.wikidata.org/entity/Q21218698,Dasongius,Carlos Alberto Martínez-Muñoz,https://scholia.toolforge.org/organization/Q112326635/topic/Q21218698
http://www.wikidata.org/entity/Q47867,Dasypodidae,Xiao Feng,https://scholia.toolforge.org/organization/Q112326635/topic/Q47867
http://www.wikidata.org/entity/Q649549,Dasypus novemcinctus,Xiao Feng,https://scholia.toolforge.org/organization/Q112326635/topic/Q649549
http://www.wikidata.org/entity/Q248530,Demospongiae,Nuno Simões | Sandra M Durán,https://scholia.toolforge.org/organization/Q112326635/topic/Q248530
http://www.wikidata.org/entity/Q476209,Dengue virus,Michael Ray Kearney | Sadie J. Ryan | Sandra M Durán,https://scholia.toolforge.org/organization/Q112326635/topic/Q476209
http://www.wikidata.org/entity/Q430,Dinosauria,Brian J. Enquist,https://scholia.toolforge.org/organization/Q112326635/topic/Q430
http://www.wikidata.org/entity/Q25312,Diptera,Steven L. Chown | Renee A. Catullo,https://scholia.toolforge.org/organization/Q112326635/topic/Q25312
http://www.wikidata.org/entity/Q671516,Dixonius,Ian G. Brennan,https://scholia.toolforge.org/organization/Q112326635/topic/Q671516
http://www.wikidata.org/entity/Q602043,Doryctinae,Katja Seltmann,https://scholia.toolforge.org/organization/Q112326635/topic/Q602043
http://www.wikidata.org/entity/Q312154,Drosophila,Jacintha Ellers | Michael Ray Kearney,https://scholia.toolforge.org/organization/Q112326635/topic/Q312154
http://www.wikidata.org/entity/Q130888,Drosophila melanogaster,Renee A. Catullo,https://scholia.toolforge.org/organization/Q112326635/topic/Q130888
http://www.wikidata.org/entity/Q44631,Echinodermata,Sandra M Durán,https://scholia.toolforge.org/organization/Q112326635/topic/Q44631
http://www.wikidata.org/entity/Q5353104,Elaeocarpus williamsianus,Maurizio Rossetto,https://scholia.toolforge.org/organization/Q112326635/topic/Q5353104
http://www.wikidata.org/entity/Q186554,Elapidae,Ian G. Brennan,https://scholia.toolforge.org/organization/Q112326635/topic/Q186554
http://www.wikidata.org/entity/Q133006,Elephas maximus,Daniel Mietchen,https://scholia.toolforge.org/organization/Q112326635/topic/Q133006
http://www.wikidata.org/entity/Q192154,Embryophyta,Brad Boyle | Brian J. Enquist | Brian S. Maitner | Cyrille Violle | Daniel S. Park | Ian J. Wright | Mark Westoby | Xiao Feng,https://scholia.toolforge.org/organization/Q112326635/topic/Q192154
http://www.wikidata.org/entity/Q1932939,Entiminae,Jennifer C. Girón,https://scholia.toolforge.org/organization/Q112326635/topic/Q1932939
http://www.wikidata.org/entity/Q13609268,Epiblema scudderiana,Daniel Mietchen,https://scholia.toolforge.org/organization/Q112326635/topic/Q13609268
http://www.wikidata.org/entity/Q25334,Erithacus rubecula,Joseph A Tobias,https://scholia.toolforge.org/organization/Q112326635/topic/Q25334
http://www.wikidata.org/entity/Q162822,Eucalyptus camaldulensis,Ian J. Wright,https://scholia.toolforge.org/organization/Q112326635/topic/Q162822
http://www.wikidata.org/entity/Q127341,Eucarida,Nuno Simões,https://scholia.toolforge.org/organization/Q112326635/topic/Q127341
http://www.wikidata.org/entity/Q19088,Eukaryota,Dalia A. Conde | Wilco C.E.P. Verberk,https://scholia.toolforge.org/organization/Q112326635/topic/Q19088
http://www.wikidata.org/entity/Q156584,Euphorbiaceae,William Farfan-Rios,https://scholia.toolforge.org/organization/Q112326635/topic/Q156584
http://www.wikidata.org/entity/Q16752956,Eupolybothrus cavernicolus,Daniel Mietchen,https://scholia.toolforge.org/organization/Q112326635/topic/Q16752956
http://www.wikidata.org/entity/Q13626320,Eurosta solidaginis,Daniel Mietchen,https://scholia.toolforge.org/organization/Q112326635/topic/Q13626320
http://www.wikidata.org/entity/Q44448,Fabaceae,Sandra M Durán,https://scholia.toolforge.org/organization/Q112326635/topic/Q44448
http://www.wikidata.org/entity/Q899672,Fallopia japonica,Ramona L Walls,https://scholia.toolforge.org/organization/Q112326635/topic/Q899672
http://www.wikidata.org/entity/Q159702,Festuca rubra,Vigdis Vandvik,https://scholia.toolforge.org/organization/Q112326635/topic/Q159702
http://www.wikidata.org/entity/Q10497530,Folsomia candida,Jacintha Ellers,https://scholia.toolforge.org/organization/Q112326635/topic/Q10497530
http://www.wikidata.org/entity/Q1236258,Formica aquilonia,Heloise Gibb,https://scholia.toolforge.org/organization/Q112326635/topic/Q1236258
http://www.wikidata.org/entity/Q7386,Formicidae,Heloise Gibb,https://scholia.toolforge.org/organization/Q112326635/topic/Q7386
http://www.wikidata.org/entity/Q133679,Gammaridea,Nuno Simões,https://scholia.toolforge.org/organization/Q112326635/topic/Q133679
http://www.wikidata.org/entity/Q15872,Gekkonidae,Ian G. Brennan | Michael Ray Kearney,https://scholia.toolforge.org/organization/Q112326635/topic/Q15872
http://www.wikidata.org/entity/Q205256,Glossina,Steven L. Chown,https://scholia.toolforge.org/organization/Q112326635/topic/Q205256
http://www.wikidata.org/entity/Q58837344,Glossina morsitans morsitans,Steven L. Chown,https://scholia.toolforge.org/organization/Q112326635/topic/Q58837344
http://www.wikidata.org/entity/Q14601443,Glossina pallidipes,Steven L. Chown,https://scholia.toolforge.org/organization/Q112326635/topic/Q14601443
http://www.wikidata.org/entity/Q1008096,Gloydius shedaoensis,Michael Ray Kearney,https://scholia.toolforge.org/organization/Q112326635/topic/Q1008096
http://www.wikidata.org/entity/Q5581973,Gonioteuthis,Daniel Mietchen,https://scholia.toolforge.org/organization/Q112326635/topic/Q5581973
http://www.wikidata.org/entity/Q28946200,Gonioteuthis quadrata,Daniel Mietchen,https://scholia.toolforge.org/organization/Q112326635/topic/Q28946200
http://www.wikidata.org/entity/Q499627,Harmonia axyridis,David B. Roy,https://scholia.toolforge.org/organization/Q112326635/topic/Q499627
http://www.wikidata.org/entity/Q26371,Hemiptera,Heloise Gibb | Katja Seltmann | Steven L. Chown,https://scholia.toolforge.org/organization/Q112326635/topic/Q26371
http://www.wikidata.org/entity/Q28946208,Hibolithes jaculoides,Daniel Mietchen,https://scholia.toolforge.org/organization/Q112326635/topic/Q28946208
http://www.wikidata.org/entity/Q2578911,Hippocampus erectus,Nuno Simões,https://scholia.toolforge.org/organization/Q112326635/topic/Q2578911
http://www.wikidata.org/entity/Q2857920,Histopona palaeolithica,Stefano Mammola,https://scholia.toolforge.org/organization/Q112326635/topic/Q2857920
http://www.wikidata.org/entity/Q839281,Hydrophilidae,Jennifer C. Girón,https://scholia.toolforge.org/organization/Q112326635/topic/Q839281
http://www.wikidata.org/entity/Q22651,Hymenoptera,Alexander Keller | Daniel Mietchen | Heloise Gibb | Katja Seltmann,https://scholia.toolforge.org/organization/Q112326635/topic/Q22651
http://www.wikidata.org/entity/Q2246059,Hyperolius marmoratus,Steven L. Chown,https://scholia.toolforge.org/organization/Q112326635/topic/Q2246059
http://www.wikidata.org/entity/Q1270845,Hypocnemis cantator,Joseph A Tobias,https://scholia.toolforge.org/organization/Q112326635/topic/Q1270845
http://www.wikidata.org/entity/Q1942674,Hypsiboas albopunctatus,Diogo Borges Provete,https://scholia.toolforge.org/organization/Q112326635/topic/Q1942674
http://www.wikidata.org/entity/Q1390,Insecta,Daniel Mietchen | David B. Roy | Ignasi Bartomeus | Jacintha Ellers | Jens Kattge | Katja Seltmann | Mark Westoby | Steven L. Chown | Vigdis Vandvik | Wilco C.E.P. Verberk,https://scholia.toolforge.org/organization/Q112326635/topic/Q1390
http://www.wikidata.org/entity/Q69608,Iridomyrmex purpureus,Heloise Gibb,https://scholia.toolforge.org/organization/Q112326635/topic/Q69608
http://www.wikidata.org/entity/Q27648,Knautia arvensis,Vigdis Vandvik,https://scholia.toolforge.org/organization/Q112326635/topic/Q27648
http://www.wikidata.org/entity/Q639089,Lagorchestes conspicillatus,Mark Westoby,https://scholia.toolforge.org/organization/Q112326635/topic/Q639089
http://www.wikidata.org/entity/Q332469,Lantana camara,Sharif Ahmed Mukul,https://scholia.toolforge.org/organization/Q112326635/topic/Q332469
http://www.wikidata.org/entity/Q1302181,Larinioides cornutus,Stefano Mammola,https://scholia.toolforge.org/organization/Q112326635/topic/Q1302181
http://www.wikidata.org/entity/Q2745156,Leidya distorta,Nuno Simões,https://scholia.toolforge.org/organization/Q112326635/topic/Q2745156
http://www.wikidata.org/entity/Q1999156,Leioproctus paahaumaa,Ignasi Bartomeus,https://scholia.toolforge.org/organization/Q112326635/topic/Q1999156
http://www.wikidata.org/entity/Q185385,Lemur catta,Luca Santini,https://scholia.toolforge.org/organization/Q112326635/topic/Q185385
http://www.wikidata.org/entity/Q28319,Lepidoptera,Alexander Keller | Katja Seltmann | Steven L. Chown,https://scholia.toolforge.org/organization/Q112326635/topic/Q28319
http://www.wikidata.org/entity/Q14582020,Leptopilina clavipes,Jacintha Ellers,https://scholia.toolforge.org/organization/Q112326635/topic/Q14582020
http://www.wikidata.org/entity/Q645538,Linepithema humile,Steven L. Chown,https://scholia.toolforge.org/organization/Q112326635/topic/Q645538
http://www.wikidata.org/entity/Q10589,Linyphiidae,Stefano Mammola,https://scholia.toolforge.org/organization/Q112326635/topic/Q10589
http://www.wikidata.org/entity/Q4666317,Lithobates sylvaticus,Michael Ray Kearney,https://scholia.toolforge.org/organization/Q112326635/topic/Q4666317
http://www.wikidata.org/entity/Q3002564,Litopenaeus vannamei,Nuno Simões,https://scholia.toolforge.org/organization/Q112326635/topic/Q3002564
http://www.wikidata.org/entity/Q1980890,Lubomirskia bakialensis,Daniel Mietchen,https://scholia.toolforge.org/organization/Q112326635/topic/Q1980890
http://www.wikidata.org/entity/Q2925555,Lumbricidae,Dylan J. Craven | Malte Jochum,https://scholia.toolforge.org/organization/Q112326635/topic/Q2925555
http://www.wikidata.org/entity/Q124378,Lumbricina,Jérôme Mathieu,https://scholia.toolforge.org/organization/Q112326635/topic/Q124378
http://www.wikidata.org/entity/Q911251,Lymnaea stagnalis,Jacintha Ellers,https://scholia.toolforge.org/organization/Q112326635/topic/Q911251
http://www.wikidata.org/entity/Q1661787,Lysmata amboinensis,Nuno Simões,https://scholia.toolforge.org/organization/Q112326635/topic/Q1661787
http://www.wikidata.org/entity/Q13780423,Lysmata boggessi,Nuno Simões,https://scholia.toolforge.org/organization/Q112326635/topic/Q13780423
http://www.wikidata.org/entity/Q301676,Macaca fascicularis,Jérôme Mathieu,https://scholia.toolforge.org/organization/Q112326635/topic/Q301676
http://www.wikidata.org/entity/Q13582382,Magnoliidae,Hervé Sauquet,https://scholia.toolforge.org/organization/Q112326635/topic/Q13582382
http://www.wikidata.org/entity/Q182978,Malacostraca,Nuno Simões,https://scholia.toolforge.org/organization/Q112326635/topic/Q182978
http://www.wikidata.org/entity/Q1931948,Melanoides tuberculata,Richard J Telford,https://scholia.toolforge.org/organization/Q112326635/topic/Q1931948
http://www.wikidata.org/entity/Q973871,Meta bourneti,Stefano Mammola,https://scholia.toolforge.org/organization/Q112326635/topic/Q973871
http://www.wikidata.org/entity/Q864705,Miridae,Katja Seltmann,https://scholia.toolforge.org/organization/Q112326635/topic/Q864705
http://www.wikidata.org/entity/Q32872,Montivipera,John Alroy,https://scholia.toolforge.org/organization/Q112326635/topic/Q32872
http://www.wikidata.org/entity/Q111136380,Mucrosomia caeca,Steven L. Chown,https://scholia.toolforge.org/organization/Q112326635/topic/Q111136380
http://www.wikidata.org/entity/Q242419,Myrmecobius fasciatus,Heloise Gibb,https://scholia.toolforge.org/organization/Q112326635/topic/Q242419
http://www.wikidata.org/entity/Q28946201,Neoclavibelus subclavatus,Daniel Mietchen,https://scholia.toolforge.org/organization/Q112326635/topic/Q28946201
http://www.wikidata.org/entity/Q2376472,Neopomacentrus cyanomos,Nuno Simões,https://scholia.toolforge.org/organization/Q112326635/topic/Q2376472
http://www.wikidata.org/entity/Q25375,Odonata,David B. Roy,https://scholia.toolforge.org/organization/Q112326635/topic/Q25375
http://www.wikidata.org/entity/Q7100224,Orchesella cincta,Jacintha Ellers,https://scholia.toolforge.org/organization/Q112326635/topic/Q7100224
http://www.wikidata.org/entity/Q167810,Orthoptera,Caterina Penone | Steven L. Chown,https://scholia.toolforge.org/organization/Q112326635/topic/Q167810
http://www.wikidata.org/entity/Q111417805,Osmia bicornis,Alexander Keller,https://scholia.toolforge.org/organization/Q112326635/topic/Q111417805
http://www.wikidata.org/entity/Q2157169,Osmia cornifrons,Alexander Keller,https://scholia.toolforge.org/organization/Q112326635/topic/Q2157169
http://www.wikidata.org/entity/Q1640921,Oxalis pes-caprae,Ignasi Bartomeus,https://scholia.toolforge.org/organization/Q112326635/topic/Q1640921
http://www.wikidata.org/entity/Q127960,Panthera,Sadie J. Ryan,https://scholia.toolforge.org/organization/Q112326635/topic/Q127960
http://www.wikidata.org/entity/Q35694,Panthera onca,Sadie J. Ryan,https://scholia.toolforge.org/organization/Q112326635/topic/Q35694
http://www.wikidata.org/entity/Q166343,Panulirus argus,Nuno Simões,https://scholia.toolforge.org/organization/Q112326635/topic/Q166343
http://www.wikidata.org/entity/Q208561,Papio anubis,Sadie J. Ryan,https://scholia.toolforge.org/organization/Q112326635/topic/Q208561
http://www.wikidata.org/entity/Q901067,Paracentrotus lividus,Sandra M Durán,https://scholia.toolforge.org/organization/Q112326635/topic/Q901067
http://www.wikidata.org/entity/Q10617163,Paracinema tricolor,Steven L. Chown,https://scholia.toolforge.org/organization/Q112326635/topic/Q10617163
http://www.wikidata.org/entity/Q14683,Passer domesticus,Samuel C. Andrew,https://scholia.toolforge.org/organization/Q112326635/topic/Q14683
http://www.wikidata.org/entity/Q194240,Passeri,Joseph A Tobias,https://scholia.toolforge.org/organization/Q112326635/topic/Q194240
http://www.wikidata.org/entity/Q25933,Peracarida,Nuno Simões,https://scholia.toolforge.org/organization/Q112326635/topic/Q25933
http://www.wikidata.org/entity/Q258278,Percomorpha,Paula M. Mabee,https://scholia.toolforge.org/organization/Q112326635/topic/Q258278
http://www.wikidata.org/entity/Q2239639,Physalaemus barrioi,Diogo Borges Provete,https://scholia.toolforge.org/organization/Q112326635/topic/Q2239639
http://www.wikidata.org/entity/Q2239056,Physalaemus moreirae,Diogo Borges Provete,https://scholia.toolforge.org/organization/Q112326635/topic/Q2239056
http://www.wikidata.org/entity/Q145992,Picea abies,Vigdis Vandvik,https://scholia.toolforge.org/organization/Q112326635/topic/Q145992
http://www.wikidata.org/entity/Q147426,Picea sitchensis,Alana R O Chin,https://scholia.toolforge.org/organization/Q112326635/topic/Q147426
http://www.wikidata.org/entity/Q946451,Pimoa,Stefano Mammola,https://scholia.toolforge.org/organization/Q112326635/topic/Q946451
http://www.wikidata.org/entity/Q30263,Pinnipedia,Daniel Mietchen,https://scholia.toolforge.org/organization/Q112326635/topic/Q30263
http://www.wikidata.org/entity/Q133128,Pinus sylvestris,Jens Kattge | Vigdis Vandvik,https://scholia.toolforge.org/organization/Q112326635/topic/Q133128
http://www.wikidata.org/entity/Q152,Pisces,Mark Westoby | Paula M. Mabee,https://scholia.toolforge.org/organization/Q112326635/topic/Q152
http://www.wikidata.org/entity/Q157408,Plantago lanceolata,Fatih Fazlioglu | Jacintha Ellers,https://scholia.toolforge.org/organization/Q112326635/topic/Q157408
http://www.wikidata.org/entity/Q827142,Polyodon spathula,Paula M. Mabee,https://scholia.toolforge.org/organization/Q112326635/topic/Q827142
http://www.wikidata.org/entity/Q188906,Polyplacophora,Nuno Simões,https://scholia.toolforge.org/organization/Q112326635/topic/Q188906
http://www.wikidata.org/entity/Q21171,Porcellio scaber,Jacintha Ellers,https://scholia.toolforge.org/organization/Q112326635/topic/Q21171
http://www.wikidata.org/entity/Q18960,Porifera,Melissa Haendel | Nuno Simões | Sandra M Durán,https://scholia.toolforge.org/organization/Q112326635/topic/Q18960
http://www.wikidata.org/entity/Q544137,Posidonia oceanica,Stefania L. Klayn,https://scholia.toolforge.org/organization/Q112326635/topic/Q544137
http://www.wikidata.org/entity/Q934442,Primolius couloni,Joseph A Tobias,https://scholia.toolforge.org/organization/Q112326635/topic/Q934442
http://www.wikidata.org/entity/Q2692674,Pringleophaga marioni,Steven L. Chown,https://scholia.toolforge.org/organization/Q112326635/topic/Q2692674
http://www.wikidata.org/entity/Q18465520,Proceratophrys mantiqueira,Diogo Borges Provete,https://scholia.toolforge.org/organization/Q112326635/topic/Q18465520
http://www.wikidata.org/entity/Q2699329,Proceratophrys melanopogon,Diogo Borges Provete,https://scholia.toolforge.org/organization/Q112326635/topic/Q2699329
http://www.wikidata.org/entity/Q19081,Prokaryota,Brian J. Enquist | Sean T. Michaletz,https://scholia.toolforge.org/organization/Q112326635/topic/Q19081
http://www.wikidata.org/entity/Q2081926,Proteoideae,Hervé Sauquet,https://scholia.toolforge.org/organization/Q112326635/topic/Q2081926
http://www.wikidata.org/entity/Q2050578,Pseudemydura umbrina,Michael Ray Kearney,https://scholia.toolforge.org/organization/Q112326635/topic/Q2050578
http://www.wikidata.org/entity/Q31431,Psittaciformes,Dalia A. Conde,https://scholia.toolforge.org/organization/Q112326635/topic/Q31431
http://www.wikidata.org/entity/Q7256090,Psittaculidae,Joseph A Tobias,https://scholia.toolforge.org/organization/Q112326635/topic/Q7256090
http://www.wikidata.org/entity/Q1265766,Psophia leucoptera,Joseph A Tobias,https://scholia.toolforge.org/organization/Q112326635/topic/Q1265766
http://www.wikidata.org/entity/Q213548,Pteridium aquilinum,Mark Westoby,https://scholia.toolforge.org/organization/Q112326635/topic/Q213548
http://www.wikidata.org/entity/Q62889332,Rickettsia montanensis,Sadie J. Ryan,https://scholia.toolforge.org/organization/Q112326635/topic/Q62889332
http://www.wikidata.org/entity/Q13931732,Roptrocerus xylophagorum,Katja Seltmann,https://scholia.toolforge.org/organization/Q112326635/topic/Q13931732
http://www.wikidata.org/entity/Q660537,Ross River virus,Sadie J. Ryan,https://scholia.toolforge.org/organization/Q112326635/topic/Q660537
http://www.wikidata.org/entity/Q421047,Salvelinus alpinus,Paula M. Mabee,https://scholia.toolforge.org/organization/Q112326635/topic/Q421047
http://www.wikidata.org/entity/Q1462214,Samia cynthia,Steven L. Chown,https://scholia.toolforge.org/organization/Q112326635/topic/Q1462214
http://www.wikidata.org/entity/Q14891733,Scarabaeus spretus,Steven L. Chown,https://scholia.toolforge.org/organization/Q112326635/topic/Q14891733
http://www.wikidata.org/entity/Q21216282,Scelianoma,Jennifer C. Girón,https://scholia.toolforge.org/organization/Q112326635/topic/Q21216282
http://www.wikidata.org/entity/Q51069505,Scelianoma elydimorpha,Jennifer C. Girón,https://scholia.toolforge.org/organization/Q112326635/topic/Q51069505
http://www.wikidata.org/entity/Q281634,Schistocerca gregaria,Steven L. Chown,https://scholia.toolforge.org/organization/Q112326635/topic/Q281634
http://www.wikidata.org/entity/Q2324689,Schistosoma mansoni,Sadie J. Ryan,https://scholia.toolforge.org/organization/Q112326635/topic/Q2324689
http://www.wikidata.org/entity/Q195605,Scleractinia,Joshua S Madin,https://scholia.toolforge.org/organization/Q112326635/topic/Q195605
http://www.wikidata.org/entity/Q7435578,Scotia,Heloise Gibb,https://scholia.toolforge.org/organization/Q112326635/topic/Q7435578
http://www.wikidata.org/entity/Q939756,Senecio inaequidens,Caterina Penone,https://scholia.toolforge.org/organization/Q112326635/topic/Q939756
http://www.wikidata.org/entity/Q150129,Sequoia sempervirens,Alana R O Chin,https://scholia.toolforge.org/organization/Q112326635/topic/Q150129
http://www.wikidata.org/entity/Q82069695,Severe acute respiratory syndrome coronavirus 2,Daniel Mietchen | Ramona L Walls | Richard J Telford,https://scholia.toolforge.org/organization/Q112326635/topic/Q82069695
http://www.wikidata.org/entity/Q1044376,Solanum carolinense,Ramona L Walls,https://scholia.toolforge.org/organization/Q112326635/topic/Q1044376
http://www.wikidata.org/entity/Q2700140,Sparisoma viride,Nuno Simões,https://scholia.toolforge.org/organization/Q112326635/topic/Q2700140
http://www.wikidata.org/entity/Q25814,Spermatophytina,Brian J. Enquist | Franziska Schrodt | Ian J. Wright | Katelin D. Pearson | Mark Westoby | Ramona L Walls,https://scholia.toolforge.org/organization/Q112326635/topic/Q25814
http://www.wikidata.org/entity/Q122422,Squamata,Ian G. Brennan | Renee A. Catullo,https://scholia.toolforge.org/organization/Q112326635/topic/Q122422
http://www.wikidata.org/entity/Q166898,Suidae,Silvia Pineda-Munoz,https://scholia.toolforge.org/organization/Q112326635/topic/Q166898
http://www.wikidata.org/entity/Q774716,Sylvilagus floridanus,Sadie J. Ryan,https://scholia.toolforge.org/organization/Q112326635/topic/Q774716
http://www.wikidata.org/entity/Q404566,Sylvilagus transitionalis,Sadie J. Ryan,https://scholia.toolforge.org/organization/Q112326635/topic/Q404566
http://www.wikidata.org/entity/Q160042,Syncerus caffer,Sadie J. Ryan,https://scholia.toolforge.org/organization/Q112326635/topic/Q160042
http://www.wikidata.org/entity/Q339483,Syrmaticus reevesii,Xiao Feng,https://scholia.toolforge.org/organization/Q112326635/topic/Q339483
http://www.wikidata.org/entity/Q217905,Syrphidae,Ignasi Bartomeus,https://scholia.toolforge.org/organization/Q112326635/topic/Q217905
http://www.wikidata.org/entity/Q14589090,Teleopsis dalmanni,Joseph A Tobias,https://scholia.toolforge.org/organization/Q112326635/topic/Q14589090
http://www.wikidata.org/entity/Q204861,Teleostei,Paula M. Mabee,https://scholia.toolforge.org/organization/Q112326635/topic/Q204861
http://www.wikidata.org/entity/Q225965,Tenebrio molitor,Steven L. Chown,https://scholia.toolforge.org/organization/Q112326635/topic/Q225965
http://www.wikidata.org/entity/Q1038150,Themeda triandra,Rachael V. Gallagher,https://scholia.toolforge.org/organization/Q112326635/topic/Q1038150
http://www.wikidata.org/entity/Q27133,Tracheophyta,Brian J. Enquist | David B. Roy | Ian J. Wright | Jens Kattge | Joshua S Madin | Mark Westoby | Vigdis Vandvik | Rachael V. Gallagher | Steven L. Chown,https://scholia.toolforge.org/organization/Q112326635/topic/Q27133
http://www.wikidata.org/entity/Q2706853,Trachycephalus imitatrix,Diogo Borges Provete,https://scholia.toolforge.org/organization/Q112326635/topic/Q2706853
http://www.wikidata.org/entity/Q156635,Trifolium pratense,Mark Westoby,https://scholia.toolforge.org/organization/Q112326635/topic/Q156635
http://www.wikidata.org/entity/Q889526,Trifolium subterraneum,Mark Westoby,https://scholia.toolforge.org/organization/Q112326635/topic/Q889526
http://www.wikidata.org/entity/Q2278054,Troglohyphantes,Stefano Mammola,https://scholia.toolforge.org/organization/Q112326635/topic/Q2278054
http://www.wikidata.org/entity/Q21354080,Tullbergia bisetosa,Steven L. Chown,https://scholia.toolforge.org/organization/Q112326635/topic/Q21354080
http://www.wikidata.org/entity/Q165118,Tunicata,Nuno Simões,https://scholia.toolforge.org/organization/Q112326635/topic/Q165118
http://www.wikidata.org/entity/Q4466022,Uca spinicarpa,Nuno Simões,https://scholia.toolforge.org/organization/Q112326635/topic/Q4466022
http://www.wikidata.org/entity/Q469382,Ulmus americana,Franziska Schrodt,https://scholia.toolforge.org/organization/Q112326635/topic/Q469382
http://www.wikidata.org/entity/Q1231177,Ungulata,Sadie J. Ryan | Steven L. Chown,https://scholia.toolforge.org/organization/Q112326635/topic/Q1231177
http://www.wikidata.org/entity/Q33609,Ursus maritimus,Jacintha Ellers,https://scholia.toolforge.org/organization/Q112326635/topic/Q33609
http://www.wikidata.org/entity/Q924941,Varanus varius,Michael Ray Kearney,https://scholia.toolforge.org/organization/Q112326635/topic/Q924941
http://www.wikidata.org/entity/Q25241,Vertebrata,Joseph A Tobias,https://scholia.toolforge.org/organization/Q112326635/topic/Q25241
http://www.wikidata.org/entity/Q160821,Vibrio cholerae,Sadie J. Ryan,https://scholia.toolforge.org/organization/Q112326635/topic/Q160821
http://www.wikidata.org/entity/Q30046,Vitis vinifera,Alexander Keller | Maurizio Rossetto,https://scholia.toolforge.org/organization/Q112326635/topic/Q30046
http://www.wikidata.org/entity/Q10719318,Warramaba,Michael Ray Kearney,https://scholia.toolforge.org/organization/Q112326635/topic/Q10719318
http://www.wikidata.org/entity/Q190510,Wollemia nobilis,Maurizio Rossetto,https://scholia.toolforge.org/organization/Q112326635/topic/Q190510
http://www.wikidata.org/entity/Q654718,Xenopus laevis,Daniel Mietchen,https://scholia.toolforge.org/organization/Q112326635/topic/Q654718
http://www.wikidata.org/entity/Q202864,Zika virus,Daniel Mietchen | Sadie J. Ryan | Sandra M Durán,https://scholia.toolforge.org/organization/Q112326635/topic/Q202864
http://www.wikidata.org/entity/Q15557019,Zostera capricorni,Mark Westoby,https://scholia.toolforge.org/organization/Q112326635/topic/Q15557019
http://www.wikidata.org/entity/Q21128,Zostera marina,Stefania L. Klayn,https://scholia.toolforge.org/organization/Q112326635/topic/Q21128
